{
    "Add": false,
    "Conection": "cd7e4add16f8dcbca983d9275506aaa5a",
    "Join": false,
    "MID": "u133f7110dd00e635f0776957837055a2",
    "Owner": {},
    "Read": false,
    "Respon": false,
    "SKfoto": {},
    "Shared": false,
    "Talkblacklist": [],
    "Talkdblacklist": false,
    "Talkwblacklist": true,
    "Unsend": true,
    "Wc": false,
    "addOwner": false,
    "arespon": true,
    "autoJoin": true,
    "autoLeave": false,
    "blacklist": {
        "u11187b63b6e94efea507d8064ba0b3d1": true,
        "u50fbbad9a95ecfe0e7afc512f45007ae": true,
        "u541680dc077412f5b21a2522c2536c79": true,
        "uc8226bf954caacdf4cac5d6e9020eca6": true
    },
    "bot": true,
    "changePicture": true,
    "dellOwner": false,
    "key": false,
    "myProfile": {
        "coverId": "",
        "displayName": "Roudothul Zannah",
        "pictureStatus": "0hKUoHcdE-FHpSMT7twXhrLW50GhclHxIyKlYOT3QyT0ooBlR5blJZGHEwSR0qVAcub1JaFHQzSEJ4",
        "statusMessage": null
    },
    "talkban": true,
    "text": "XTC:",
    "userAgent": [
        "Mozilla/5.0 (X11; U; Linux i586; de; rv:5.0) Gecko/20100101 Firefox/5.0",
        "Mozilla/5.0 (X11; U; Linux amd64; rv:5.0) Gecko/20100101 Firefox/5.0 (Debian)",
        "Mozilla/5.0 (X11; U; Linux amd64; en-US; rv:5.0) Gecko/20110619 Firefox/5.0",
        "Mozilla/5.0 (X11; Linux) Gecko Firefox/5.0",
        "Mozilla/5.0 (X11; Linux x86_64; rv:5.0) Gecko/20100101 Firefox/5.0 FirePHP/0.5",
        "Mozilla/5.0 (X11; Linux x86_64; rv:5.0) Gecko/20100101 Firefox/5.0 Firefox/5.0",
        "Mozilla/5.0 (X11; Linux x86_64) Gecko Firefox/5.0",
        "Mozilla/5.0 (X11; Linux ppc; rv:5.0) Gecko/20100101 Firefox/5.0",
        "Mozilla/5.0 (X11; Linux AMD64) Gecko Firefox/5.0",
        "Mozilla/5.0 (X11; FreeBSD amd64; rv:5.0) Gecko/20100101 Firefox/5.0",
        "Mozilla/5.0 (Windows NT 6.2; WOW64; rv:5.0) Gecko/20100101 Firefox/5.0",
        "Mozilla/5.0 (Windows NT 6.1; Win64; x64; rv:5.0) Gecko/20110619 Firefox/5.0",
        "Mozilla/5.0 (Windows NT 6.1; Win64; x64; rv:5.0) Gecko/20100101 Firefox/5.0",
        "Mozilla/5.0 (Windows NT 6.1; rv:6.0) Gecko/20100101 Firefox/5.0",
        "Mozilla/5.0 (Windows NT 6.1.1; rv:5.0) Gecko/20100101 Firefox/5.0",
        "Mozilla/5.0 (Windows NT 5.2; WOW64; rv:5.0) Gecko/20100101 Firefox/5.0",
        "Mozilla/5.0 (Windows NT 5.1; U; rv:5.0) Gecko/20100101 Firefox/5.0",
        "Mozilla/5.0 (Windows NT 5.1; rv:2.0.1) Gecko/20100101 Firefox/5.0",
        "Mozilla/5.0 (Windows NT 5.0; WOW64; rv:5.0) Gecko/20100101 Firefox/5.0",
        "Mozilla/5.0 (Windows NT 5.0; rv:5.0) Gecko/20100101 Firefox/5.0"
    ]
}