{
    "Aip": false,
    "Api": false,
    "Lv": false,
    "Nk": false,
    "Respontag": "         [ Auto Respon]\n                  [ SELF BOT ]\n  [ รับติดตั้ง เชลบอท ราคาประหยัด ]\n─┅═✥ᴛᴇᴀᴍᵀᴴᴬᴵᴸᴬᴺᴰʙᴏᴛLɪɴᴇ✥═┅─\n     •─✯͜͡✯TOME★BOTLINE✯͜͡✯─•\n     ╔┓┏╦━━╦┓╔┓╔━━╗╔╗\n     ║┗┛║┗━╣┃║┃║╯╰║║║\n     ║┏┓║┏━╣┗╣┗╣╰╯║╠╣\n     ╚┛┗╩━━╩━╩━╩━━╝╚╝\n ▀██▀▄███▄▀██─██▀██▀█\n ─██─██─██─██─██─██▄\n ─██─▀███▀─▀█▄█▀─██▀\n ▄██▄▄▄▀─────▀──▄██▄█\n    🌷ว่าไงจ๊ะ ตอนนี้ไม่สะดวกตอบนะจ๊ะ🌷\n       🌷🌈กำลังทำงานอยู่จ้า🌈🌷\n      😘☄ว่างแล้วจะมาตอบนะ☄😊                   \n╔══╗────────╔╗ᴛᴏᴍᴇʙᴏᴛʟɪɴᴇ\n║═╦╝╔═╗─╔══╗╠╣╔╗─╔╦╗\n║╔╝─║╬╚╗║║║║║║║╚╗║║║\n╚╝──╚══╝╚╩╩╝╚╝╚═╝╠╗║\n─────────────────╚═╝\n",
    "Wc": false,
    "addPesan": "🙏สวัสดีครับ🙏เพื่อนใหม่\n👉สนใจทำเซลบอท แก้ไฟลเซล เพิ่มไฟลเซล สอนทำเซล กด1\n👉สนใจทำปก ทำดิส กด2\n👉สนใจสั่งตั๋วสิริ ลงบอทสิริ บอทapi กด3\n👉สนใจเช่าเซิฟ Vps กด4\n👉สนใจสั่งซื้อสติ๊กเกอร์ ทีมไลน์ กด5\n👉แอดมาเก็บคท กด6\n👉แอดแล้วไม่พูดไม่ทัก กดบล็อค\n👉แต่ถ้าทักแล้วไม่ตอบ. หรือตอบช้า โทรมาเบอร์นี้เลยคับ 094 634 5913 @!",
    "addSticker": {
        "name": "",
        "status": false
    },
    "autoAdd": false,
    "autoBlock": false,
    "autoCancel": {
        "members": 5,
        "on": true
    },
    "autoJoin": false,
    "autoJoinTicket": false,
    "autoLeave": false,
    "autoRead": false,
    "autoReply": false,
    "blacklist": {},
    "botcancel": false,
    "bye": "คุณยังไม่ได้ตั้งข้อความคนออก",
    "cName": "",
    "cNames": "",
    "changeGroupPicture": [],
    "changePictureProfile": false,
    "changeVideo": false,
    "chatMessage": "dih",
    "checkContact": false,
    "checkPost": false,
    "checkSticker": false,
    "clock": false,
    "comment": "             🌾『✯ᴛᴏᴍᴇʙᴏᴛʟɪɴᴇ✯』🌾\n               ─┅═✥👊ᵀᴴᴬᴵᴸᴬᴺᴰ👊✥═┅─ \n╔══╗────────╔╗✯ᴛᴏᴍᴇʙᴏᴛʟɪɴᴇ✯\n║═╦╝╔═╗─╔══╗╠╣╔╗─╔╦╗ ╔══╗╔╦╗\n║╔╝─║╬╚╗║║║║║║║╚╗║║║ ║║║║║║║\n╚╝──╚══╝╚╩╩╝╚╝╚═╝╠╗║ ╚╩╩╝╠╗║\n─────────────────╚═╝──── ╚═╝",
    "comment1": "™─┅❈͜͡✯ᴛᴏᴍᴇʙᴏᴛʟɪɴᴇ✯͜͡❈┅─\n╭════════════════╮\n║🔷ให้เช่าเชลบอทpy3แบบรายเดือน🔷║\n╰════════════════╯\n╭════════════════╮\n║͜͡☆➣☯ รับประกันความพึงพอใจ\n║͜͡☆➣☯ มีทีมงานมากประสบการณ์คอยดูแล\n║͜͡☆➣☯ กันรันได้ 100% ไม่ทิ้งลูกค้า\n║͜͡☆➣☯ ดึงคท.จากโพสได้\n║͜͡☆➣☯ สามสารถแทคในแชทส่วนตัวได้\n║͜͡☆➣☯ สามารตั่งคนเข้าออกได้\n║͜͡☆➣☯ ตั้งสติ๊กเก้อเข้าออกแทคได้เอง\n║͜͡☆➣☯ สามารตั่งแทคได้\n║͜͡☆➣☯ มีคำสั่งเตะแทคชื่อ\n║͜͡☆➣☯ มีพุดคำหยาบแล้วบอทจะเตะ\n║͜͡☆➣☯ มีกันคนใช้บอทบินบอทจะเตะ\n║͜͡☆➣☯ ดูคนแอบอ่านได้\n║͜͡☆➣☯ ยิงข้อความด้วยเบอได้\n║͜͡☆➣☯ แทคได้\n║͜͡☆➣☯ เช็คคนดูได้แบบเรียวทาม\n║͜͡☆➣☯ สปีทบอทยุที่0.02\n║͜͡☆➣☯ แรกเข้า300บาท\n║͜͡☆➣☯ เดือนต่อไป200บาท\n║͜͡☆➣☯ ลูกเล่นมากมายอัฟใหม่ทุกๆเดือน\n╰════════════════╯\n╭════════════════╮\n║➣☯มีห้องบอทวี10 ด้วยครับ📢\n║➣☯ดึงสดบอท 12 ตัว350บาท📢\n║➣☯ห้องเปล่าราคา200บาท📢\n║➣☯ห้อง 17 (ราคา)350บาท\n╰════════════════╯\n╭════════════════╮\n║☆☞และยังมีเชลบิน\n║☆☞ขายเป็นลิ้ง\n║☆☞รับจ้างบินอีกด้วยบินv10ได้\n║☆☞จำนวนสมาชิกกี่คนก็บินได้สบาย\n║☆☞บอทกี่ตีวก็บินได้ชิวๆ\n╰════════════════╯\n╭════════════════╮\n║     😄สนใจจิ้มลิ้งมาเลยครับ😄\n║       ➣☯ LINE ID ☯\n║https://line.me/ti/p/XW7pq_vMhM\n║        โทร 0928081567\n║      ⓣⓞⓜⓑⓞⓣⓛⓘⓝⓔ\n╰════════════════╯\n╭════════════════╮\n║     『✯ᴛᴏᴍᴇʙᴏᴛʟɪɴᴇ✯』\n╰════════════════╯\n",
    "commentBlack": {},
    "commentOn": true,
    "dblack": false,
    "dblacklist": false,
    "delayMention": false,
    "detectMention": false,
    "detectMentionPM": false,
    "dwhitelist": false,
    "eror": "คุณใช้คำสั่งผิด กรุณาศึกษาวิธีใช้ หรือสอบถามกับผู้สร้าง โดยพิมคำสั่ง *.ผส*เพื่อแสดง คท ของผู้สร้าง",
    "gift": false,
    "invite": {},
    "kick": "คุณยังไม่ได้ตั้งข้อความคนลบ",
    "kickContact": false,
    "kickMention": false,
    "ksticker": false,
    "lang": "JP",
    "leaveRoom": false,
    "likeOn": false,
    "mentionPesan": " ว่าไง? ที่รัก􀄃􀈻",
    "message": "สวัสดีครับ เพื่อนใหม่ \nขอบคุณที่แอดผมเป็นเพื่อนนะครับ \nสนใจรับบริการเรื่องใด เชิญอ่านที่ใบโปรข้างล่างได้เลยครับ\n💝👇👇👇👇👇👇👇👇👇👇💝",
    "message1": "รับแก้ไฟล์+เพิ่มไฟล์+แก้ภาษา\n💝ราคาดูที่หน้างาน💝\n👉มีบริการให้เช่าบอทSAMURAI\nราคา300บาทต่อเดือน💖\n#เพิ่มคิกเกอร์ตัวละ100👌\n🎀สนใจรีบทัก..บอทpython3ฟังชั่นล้นหลาม🎁กำลังรอให้คุณเป็นเจ้าของ\nselfbot by:\n╔══════════════┓\n╠™❍✯͜͡RED™SAMURAI✯͜͡❂➣ \n╚══════════════┛",
    "messageSticker": {
        "addName": "",
        "addStatus": false,
        "listSticker": {
            "addSticker": {
                "STKID": "409",
                "STKPKGID": "1",
                "STKVER": "100"
            },
            "kickSticker": {
                "STKID": "123",
                "STKPKGID": "1",
                "STKVER": "100"
            },
            "leaveSticker": {
                "STKID": "51626533",
                "STKPKGID": "11538",
                "STKVER": "1"
            },
            "readerSticker": {
                "STKID": "51626530",
                "STKPKGID": "11538",
                "STKVER": "1"
            },
            "responSticker": {
                "STKID": "52002738",
                "STKPKGID": "11537",
                "STKVER": "1"
            },
            "sleepSticker": "",
            "welcomeSticker": {
                "STKID": "51626527",
                "STKPKGID": "11538",
                "STKVER": "1"
            }
        }
    },
    "mimic": {
        "copy": false,
        "status": false,
        "target": {}
    },
    "notag": false,
    "pcancel": false,
    "pinvite": false,
    "pmMessage": "ว่างเดื้ยวเห็นข้อความจะมาตอบนะ",
    "pname": {},
    "pnharfbot": {},
    "potoMention": false,
    "pro_name": {},
    "qrp": false,
    "readerPesan": " แอบทมายเดะจิ้มตาบอด",
    "replyPesan": "Sorry , i'm busy right now.",
    "responGc": true,
    "responcall": false,
    "responcallgc": false,
    "restartPoint": "c07540238e0ddffa5187313406f7f3c67",
    "server": "VPS",
    "spam": {},
    "timeRestart": "18000",
    "timeline": false,
    "unsendMessage": false,
    "userAgent": [
        "Mozilla/5.0 (X11; U; Linux i586; de; rv:5.0) Gecko/20100101 Firefox/5.0",
        "Mozilla/5.0 (X11; U; Linux amd64; rv:5.0) Gecko/20100101 Firefox/5.0 (Debian)",
        "Mozilla/5.0 (X11; U; Linux amd64; en-US; rv:5.0) Gecko/20110619 Firefox/5.0",
        "Mozilla/5.0 (X11; Linux) Gecko Firefox/5.0",
        "Mozilla/5.0 (X11; Linux x86_64; rv:5.0) Gecko/20100101 Firefox/5.0 FirePHP/0.5",
        "Mozilla/5.0 (X11; Linux x86_64; rv:5.0) Gecko/20100101 Firefox/5.0 Firefox/5.0",
        "Mozilla/5.0 (X11; Linux x86_64) Gecko Firefox/5.0",
        "Mozilla/5.0 (X11; Linux ppc; rv:5.0) Gecko/20100101 Firefox/5.0",
        "Mozilla/5.0 (X11; Linux AMD64) Gecko Firefox/5.0",
        "Mozilla/5.0 (X11; FreeBSD amd64; rv:5.0) Gecko/20100101 Firefox/5.0",
        "Mozilla/5.0 (Windows NT 6.2; WOW64; rv:5.0) Gecko/20100101 Firefox/5.0",
        "Mozilla/5.0 (Windows NT 6.1; Win64; x64; rv:5.0) Gecko/20110619 Firefox/5.0",
        "Mozilla/5.0 (Windows NT 6.1; Win64; x64; rv:5.0) Gecko/20100101 Firefox/5.0",
        "Mozilla/5.0 (Windows NT 6.1; rv:6.0) Gecko/20100101 Firefox/5.0",
        "Mozilla/5.0 (Windows NT 6.1.1; rv:5.0) Gecko/20100101 Firefox/5.0",
        "Mozilla/5.0 (Windows NT 5.2; WOW64; rv:5.0) Gecko/20100101 Firefox/5.0",
        "Mozilla/5.0 (Windows NT 5.1; U; rv:5.0) Gecko/20100101 Firefox/5.0",
        "Mozilla/5.0 (Windows NT 5.1; rv:2.0.1) Gecko/20100101 Firefox/5.0",
        "Mozilla/5.0 (Windows NT 5.0; WOW64; rv:5.0) Gecko/20100101 Firefox/5.0",
        "Mozilla/5.0 (Windows NT 5.0; rv:5.0) Gecko/20100101 Firefox/5.0"
    ],
    "userMentioned": false,
    "wbanlist": {},
    "wblack": false,
    "wblacklist": false,
    "welcome": "คุณยังไม่ได้ตั้งข้อความคนเข้า",
    "winvite": false
}