{
    "info": {
        "u0af02eb7ec9a47cc16ffd5d12d10961f": "@ທีಖএণЮ🔝༻€มทู๓น้๏€☠",
        "u13eb5556dfd190222c5ed33b4569a58c": "@ж~lnwxมูxวาน~ж",
        "u17146700d7836913904bd1c5126b2c18": "@🥴Xอยu่าเลีຢ🥴",
        "u34929345f05bdf25aab1886dd77b2e26": "@Read",
        "u3f3122ec65b9f8aeb9af79fbc8cd97a5": "@👑ENoomzaza👑",
        "u3fac1eefd6f2c08d2e33ee24c0f3853f": "@Arm.420",
        "u406577b5a4fc096f85dfbcace7dec8a4": "@❌ปราบปรามคนโกง❌",
        "u409fcfa88d7e5cc7743b45b45ab6664d": "@꧁⊱ສัມກlວສี⊰꧂ヅ",
        "u498b058fe9903d8cc94320c38aef38c0": "@꧁⫸⚡",
        "u507fc81a924d698c485c092833af12a9": "@✶✨",
        "u637ee64df76580c741de37cc238fc17b": "@🍪Ø",
        "u669aa92773d33c22420105d4546fccdd": "@😈ຜู้คุມกาມlทW😈",
        "u77d7acc8d7fbe34b58f042ea484d005e": "@⫸◐ÀŘỂÑÀ◑⫷",
        "u7dd00c42c774ab7cf68913ffb078a88a": "@Ǥąღع",
        "u947c95f56ab1b62008c47108c6ec7615": "@꧁༺༒◥_ตัวร้าย_◤༒༻꧂",
        "ua60d14b377fe57cc3dd05a2bd0817637": "@꧁⫸☫",
        "ua71776682f5f1c11ab954403203bb3ed": "@ปา",
        "ud32fc6154159e31972a02df230ff5690": "@☠️™>ທีಖএণЮ🔝༻ສາຢບ",
        "ud68bc4235394b9406419052d4b6d5ead": "@😆ສบายຣูสิท่ๅ😆",
        "uda8195e53e6c6e17f3f745743e477100": "@􀰂􀰂꧁💓",
        "uf1c408cf5bd7af31d29389d6c1ff29e8": "@☠️",
        "uf4f817112f77c1c9c11f6191db6bfb29": "@(􀰂卐",
        "ufcafab1799e6eb0ba009e58b33fb99b4": "@หนวด",
        "ufcd7d71d1807cbd8a7b3a9edc440629d": "@-๑Iด็กOมยิ้ม๑-"
    },
    "limit": {},
    "name": {
        "@(􀰂卐": {
            "mid": "uf4f817112f77c1c9c11f6191db6bfb29",
            "pay": 1581583597.0181463,
            "runtime": 1578991597.0181463,
            "token": "ENQhdIkAcFaK77bpnT69.9pGxes93WCNbh2gr22V7kq.keCpXsU2guHbOUCCI40us22UrhxP7HXHubzXF4TozII="
        },
        "@-๑Iด็กOมยิ้ม๑-": {
            "mid": "ufcd7d71d1807cbd8a7b3a9edc440629d",
            "pay": 1577292561.2593665,
            "runtime": 1574700561.2593665,
            "token": {}
        },
        "@Arm.420": {
            "mid": "u3fac1eefd6f2c08d2e33ee24c0f3853f",
            "pay": 1577253134.5322607,
            "runtime": 1574661134.5322607,
            "token": "ELD6qbk3h87YGgd7hChf.p6WE79BYWi0Um/4KWpofpW.c9PNBaVrQC8HfVNVX6cp1fNE+CkX6acAspYtdUHDHlk="
        },
        "@Read": {
            "mid": "u34929345f05bdf25aab1886dd77b2e26",
            "pay": 1581183754.591742,
            "runtime": 1578591754.591742,
            "token": "ENgTpwpHhLwqNCV5aVM6.njktrFbB3YwQSyHT13SUjG.9c9CFYPHOP1E0e9eNcuE+FbJ7GgpaglbaM4h48kqllk="
        },
        "@Ǥąღع": {
            "mid": "u7dd00c42c774ab7cf68913ffb078a88a",
            "pay": 1577273747.866266,
            "runtime": 1574681747.866266,
            "token": "ELqYoJdMCs1VnIlZAzva.FDamqSD0Q3Z2Irp+ShIOIG.ptGpvrWIaAP1Eiy35bYN7dAIpFxa6KfR1uPFFBIgLx8="
        },
        "@ж~lnwxมูxวาน~ж": {
            "mid": "u13eb5556dfd190222c5ed33b4569a58c",
            "pay": 1581163870.1005063,
            "runtime": 1578571870.1005063,
            "token": {}
        },
        "@ปา": {
            "mid": "ua71776682f5f1c11ab954403203bb3ed",
            "pay": 1581594721.5984204,
            "runtime": 1579002721.5984204,
            "token": "ENNqLt6JK7og3cPvZvid.PXD2Ac9FhbgRLuqdidUZ7q.RIOxhgxZ3HdLw2PdFy4X7vDMzxnaFz2bwoeKeEtGV0s="
        },
        "@หนวด": {
            "mid": "ufcafab1799e6eb0ba009e58b33fb99b4",
            "pay": 1581218268.437093,
            "runtime": 1578626268.437093,
            "token": {}
        },
        "@ທีಖএণЮ🔝༻€มทู๓น้๏€☠": {
            "mid": "u0af02eb7ec9a47cc16ffd5d12d10961f",
            "pay": 1581161928.0796382,
            "runtime": 1578569928.0796382,
            "token": {}
        },
        "@☠️": {
            "mid": "uf1c408cf5bd7af31d29389d6c1ff29e8",
            "pay": 1581163901.560549,
            "runtime": 1578571901.560549,
            "token": "ENGBZyKswa5ANfVne818.8CqiZ1VxRZhsK4NwWF8P6a.YyxGy+q700W53rzi8KsKCvh6SugXEKLg36eBg0gl+7Y="
        },
        "@☠️™>ທีಖএণЮ🔝༻ສາຢບ": {
            "mid": "ud32fc6154159e31972a02df230ff5690",
            "pay": 1581173401.274884,
            "runtime": 1578581401.274884,
            "token": {}
        },
        "@✶✨": {
            "mid": "u507fc81a924d698c485c092833af12a9",
            "pay": 1577271565.7537239,
            "runtime": 1574679565.7537239,
            "token": "ELEPda1IcUntcCkVd8S9.uh+igPjnAyXixaKOm68sQq.ezIYz0WOFduQPLSKG/JwBFAZkcFA1muvsmV28NqL4go="
        },
        "@❌ปราบปรามคนโกง❌": {
            "mid": "u406577b5a4fc096f85dfbcace7dec8a4",
            "pay": 1577254238.0130377,
            "runtime": 1574662238.0130377,
            "token": "ELDYSQp0OTilrjQw0nO4.qgv3TAt8cw/f37YS597iPa.dHem5AsR2FkPPX/QA7W0luI214EioTHhZRN2YFECgAA="
        },
        "@⫸◐ÀŘỂÑÀ◑⫷": {
            "mid": "u77d7acc8d7fbe34b58f042ea484d005e",
            "pay": 1577268898.1735234,
            "runtime": 1574676898.1735234,
            "token": "ELPVSSXxzbpsTQtQVKie.D9ESYnF740Ty8elQse0axG.DrCM2Hs5L/4HPTjWIGUUTJ0BxWqLyw3rvWPSzAeN9Dg="
        },
        "@꧁༺༒◥_ตัวร้าย_◤༒༻꧂": {
            "mid": "u947c95f56ab1b62008c47108c6ec7615",
            "pay": 1581178301.7779071,
            "runtime": 1578586301.7779071,
            "token": "EN9GaIPObwXqnZvbAyi5.LhYv9wQXTIaiXheiXUX2fq.B2AggFOoemt5ru1U4YxCVFk4CrSDXjhvu8osVHngaWo="
        },
        "@꧁⊱ສัມກlວສี⊰꧂ヅ": {
            "mid": "u409fcfa88d7e5cc7743b45b45ab6664d",
            "pay": 1581185846.268107,
            "runtime": 1578593846.268107,
            "token": {}
        },
        "@꧁⫸☫": {
            "mid": "ua60d14b377fe57cc3dd05a2bd0817637",
            "pay": 1577253741.798259,
            "runtime": 1574661741.798259,
            "token": "ELAtvfI8jN645IVd6Qj7.PG0uS3F/v8W90fOR0if2nW.ETw1D6aBsCI8ZUmDpxzTUjwZpN/vsBk1W+W4X0pdSOs="
        },
        "@꧁⫸⚡": {
            "mid": "u498b058fe9903d8cc94320c38aef38c0",
            "pay": 1577253734.3730042,
            "runtime": 1574661734.3730042,
            "token": "ELfcjq34jm4UNLnkb7m0.sySfJ/MqpyZjqYddIU84Wa.4stIt9hfQ9jm6gCcdzBpbG9yLiQsmrj6TY+pUdLBCq0="
        },
        "@🍪Ø": {
            "mid": "u637ee64df76580c741de37cc238fc17b",
            "pay": 1577254215.6420293,
            "runtime": 1574662215.6420293,
            "token": "ELIPSUG8Qy6n8LeuHNAb.y37MtFDLGmDb3JFmi4+bEW.dcV0dMLKklkYYL0c3XVG0858dd15vDA7O/QU3WZVhnM="
        },
        "@👑ENoomzaza👑": {
            "mid": "u3f3122ec65b9f8aeb9af79fbc8cd97a5",
            "pay": 1581522548.6930425,
            "runtime": 1578930548.6930425,
            "token": {}
        },
        "@😆ສบายຣูสิท่ๅ😆": {
            "mid": "ud68bc4235394b9406419052d4b6d5ead",
            "pay": 1581164035.5056942,
            "runtime": 1578572035.5056942,
            "token": "ENwV4O1kCHlnNw1HzWYd.1OVei1ouUubKgquTs21ERq.RQBooHbiBOLOYJWQ3BFbfHfZP/O/gTtORKGSnFYXPMI="
        },
        "@😈ຜู้คุມกาມlทW😈": {
            "mid": "u669aa92773d33c22420105d4546fccdd",
            "pay": 1581163889.2924182,
            "runtime": 1578571889.2924182,
            "token": {}
        },
        "@🥴Xอยu่าเลีຢ🥴": {
            "mid": "u17146700d7836913904bd1c5126b2c18",
            "pay": 1581439351.8232887,
            "runtime": 1578847351.8232887,
            "token": {}
        },
        "@􀰂􀰂꧁💓": {
            "mid": "uda8195e53e6c6e17f3f745743e477100",
            "pay": 1581219271.5505588,
            "runtime": 1578627271.5505588,
            "token": {}
        }
    }
}